BEGIN
-- table DEPT --
INSERT INTO DEPT (DEPTNO, DNAME, LOC) VALUES (10, 'ACCOUNTING', 'NEW YORK');
INSERT INTO DEPT (DEPTNO, DNAME, LOC) VALUES (20, 'RESEARCH', 'DALLAS');
INSERT INTO DEPT (DEPTNO, DNAME, LOC) VALUES (30, 'SALES', 'CHICAGO');
INSERT INTO DEPT (DEPTNO, DNAME, LOC) VALUES (40, 'OPERATIONS', 'BOSTON');
COMMIT;
-- table EMP --
INSERT INTO EMP (EMPNO, ENAME, JOB, MGR, HIREDATE, SAL, COMM, DEPTNO) VALUES (7369, 'SMITH', 'CLERK', 7902, TO_DATE('17-DEC-80'), 800,  NULL , 20);
INSERT INTO EMP (EMPNO, ENAME, JOB, MGR, HIREDATE, SAL, COMM, DEPTNO) VALUES (7499, 'ALLEN', 'SALESMAN', 7698, TO_DATE('20-FEB-81'), 1600, 300, 30);
INSERT INTO EMP (EMPNO, ENAME, JOB, MGR, HIREDATE, SAL, COMM, DEPTNO) VALUES (7521, 'WARD', 'SALESMAN', 7698, TO_DATE('22-FEB-81'), 1250, 500, 30);
INSERT INTO EMP (EMPNO, ENAME, JOB, MGR, HIREDATE, SAL, COMM, DEPTNO) VALUES (7566, 'JONES', 'MANAGER', 7839, TO_DATE('02-APR-81'), 2975,  NULL , 20);
INSERT INTO EMP (EMPNO, ENAME, JOB, MGR, HIREDATE, SAL, COMM, DEPTNO) VALUES (7654, 'MARTIN', 'SALESMAN', 7698, TO_DATE('28-SEP-81'), 1250, 1400, 30);
INSERT INTO EMP (EMPNO, ENAME, JOB, MGR, HIREDATE, SAL, COMM, DEPTNO) VALUES (7698, 'BLAKE', 'MANAGER', 7839, TO_DATE('01-MAY-81'), 2850,  NULL , 30);
INSERT INTO EMP (EMPNO, ENAME, JOB, MGR, HIREDATE, SAL, COMM, DEPTNO) VALUES (7782, 'CLARK', 'MANAGER', 7839, TO_DATE('09-JUN-81'), 2450,  NULL , 10);
INSERT INTO EMP (EMPNO, ENAME, JOB, MGR, HIREDATE, SAL, COMM, DEPTNO) VALUES (7788, 'SCOTT', 'ANALYST', 7566, TO_DATE('19-APR-87'), 3000,  NULL , 20);
INSERT INTO EMP (EMPNO, ENAME, JOB, MGR, HIREDATE, SAL, COMM, DEPTNO) VALUES (7839, 'KING', 'PRESIDENT',  NULL , TO_DATE('17-NOV-81'), 5000,  NULL , 10);
INSERT INTO EMP (EMPNO, ENAME, JOB, MGR, HIREDATE, SAL, COMM, DEPTNO) VALUES (7844, 'TURNER', 'SALESMAN', 7698, TO_DATE('08-SEP-81'), 1500, 0, 30);
INSERT INTO EMP (EMPNO, ENAME, JOB, MGR, HIREDATE, SAL, COMM, DEPTNO) VALUES (7876, 'ADAMS', 'CLERK', 7788, TO_DATE('23-MAY-87'), 1100,  NULL , 20);
INSERT INTO EMP (EMPNO, ENAME, JOB, MGR, HIREDATE, SAL, COMM, DEPTNO) VALUES (7900, 'JAMES', 'CLERK', 7698, TO_DATE('03-DEC-81'), 950,  NULL , 30);
INSERT INTO EMP (EMPNO, ENAME, JOB, MGR, HIREDATE, SAL, COMM, DEPTNO) VALUES (7902, 'FORD', 'ANALYST', 7566, TO_DATE('03-DEC-81'), 3000,  NULL , 20);
INSERT INTO EMP (EMPNO, ENAME, JOB, MGR, HIREDATE, SAL, COMM, DEPTNO) VALUES (7934, 'MILLER', 'CLERK', 7782, TO_DATE('23-JAN-82'), 1300,  NULL , 10);
COMMIT;
-- table BONUS --
COMMIT;
-- table SALGRADE --
INSERT INTO SALGRADE (GRADE, LOSAL, HISAL) VALUES (1, 700, 1200);
INSERT INTO SALGRADE (GRADE, LOSAL, HISAL) VALUES (2, 1201, 1400);
INSERT INTO SALGRADE (GRADE, LOSAL, HISAL) VALUES (3, 1401, 2000);
INSERT INTO SALGRADE (GRADE, LOSAL, HISAL) VALUES (4, 2001, 3000);
INSERT INTO SALGRADE (GRADE, LOSAL, HISAL) VALUES (5, 3001, 9999);
COMMIT;
END;
/


